{"learner":{"attributes":{"best_iteration":"0","best_score":"0.7727272727272727","scikit_learn":"{\"_estimator_type\": \"classifier\"}"},"feature_names":[],"feature_types":[],"gradient_booster":{"model":{"cats":{"enc":[],"feature_segments":[],"sorted_idx":[]},"gbtree_model_param":{"num_parallel_tree":"1","num_trees":"11"},"iteration_indptr":[0,1,2,3,4,5,6,7,8,9,10,11],"tree_info":[0,0,0,0,0,0,0,0,0,0,0],"trees":[{"base_weights":[9.640029E-8,-1.0072037E0,7.35328E-1,-1.2782394E0,1.0383689E-2,-1.5432659E-1,1.0873528E0,-3.2052323E-2,-1.6375953E-1,-7.907573E-2,5.51134E-2,1.2668751E-1,2.7331114E-2],"categories":[],"categories_nodes":[],"categories_segments":[],"categories_sizes":[],"default_left":[0,0,0,0,0,0,0,0,0,0,0,0,0],"id":0,"left_children":[1,3,5,7,-1,9,11,-1,-1,-1,-1,-1,-1],"loss_changes":[1.1730972E1,2.1454902E0,3.0350666E0,1.3502178E0,0E0,1.9943467E0,6.3053894E-1,0E0,0E0,0E0,0E0,0E0,0E0],"parents":[2147483647,0,0,1,1,2,2,3,3,5,5,6,6],"right_children":[2,4,6,8,-1,10,12,-1,-1,-1,-1,-1,-1],"split_conditions":[1.4738E2,1.9E1,1.8E1,1.2881E2,1.0383689E-2,1.7923E2,1.6647E2,-3.2052323E-2,-1.6375953E-1,-7.907573E-2,5.51134E-2,1.2668751E-1,2.7331114E-2],"split_indices":[1,0,0,1,0,1,1,0,0,0,0,0,0],"split_type":[0,0,0,0,0,0,0,0,0,0,0,0,0],"sum_hessian":[1.3839286E1,5.6839924E0,8.155293E0,4.448342E0,1.2356505E0,2.471301E0,5.6839924E0,1.7299107E0,2.7184312E0,1.2356505E0,1.2356505E0,4.201212E0,1.4827807E0],"tree_param":{"num_deleted":"0","num_feature":"2","num_nodes":"13","size_leaf_vector":"1"}},{"base_weights":[-3.2042167E-3,-9.29066E-1,6.822915E-1,-1.1781745E0,9.816268E-3,-1.4561296E-1,1.0140803E0,-2.9957427E-2,-1.5050435E-1,-7.440321E-2,5.2268583E-2,1.18195E-1,2.5749115E-2],"categories":[],"categories_nodes":[],"categories_segments":[],"categories_sizes":[],"default_left":[0,0,0,0,0,0,0,0,0,0,0,0,0],"id":1,"left_children":[1,3,5,7,-1,9,11,-1,-1,-1,-1,-1,-1],"loss_changes":[1.0024512E1,1.834693E0,2.6413245E0,1.12395E0,0E0,1.7773031E0,5.347295E-1,0E0,0E0,0E0,0E0,0E0,0E0],"parents":[2147483647,0,0,1,1,2,2,3,3,5,5,6,6],"right_children":[2,4,6,8,-1,10,12,-1,-1,-1,-1,-1,-1],"split_conditions":[1.4738E2,1.9E1,1.8E1,1.2881E2,9.816268E-3,1.7923E2,1.6647E2,-2.9957427E-2,-1.5050435E-1,-7.440321E-2,5.2268583E-2,1.18195E-1,2.5749115E-2],"split_indices":[1,0,0,1,0,1,1,0,0,0,0,0,0],"split_type":[0,0,0,0,0,0,0,0,0,0,0,0,0],"sum_hessian":[1.3795964E1,5.717852E0,8.078113E0,4.4836087E0,1.2342436E0,2.4716904E0,5.606422E0,1.7354207E0,2.748188E0,1.2442348E0,1.2274556E0,4.1282496E0,1.4781723E0],"tree_param":{"num_deleted":"0","num_feature":"2","num_nodes":"13","size_leaf_vector":"1"}},{"base_weights":[-5.8228527E-3,-8.6179894E-1,6.3547945E-1,-1.0933647E0,9.280077E-3,-1.3749433E-1,9.4968903E-1,-2.8009702E-2,-1.3965273E-1,-7.012658E-2,4.96084E-2,1.10846795E-1,2.4262944E-2],"categories":[],"categories_nodes":[],"categories_segments":[],"categories_sizes":[],"default_left":[0,0,0,0,0,0,0,0,0,0,0,0,0],"id":2,"left_children":[1,3,5,7,-1,9,11,-1,-1,-1,-1,-1,-1],"loss_changes":[8.61102E0,1.5860305E0,2.3099234E0,9.606924E-1,0E0,1.5862291E0,4.6148252E-1,0E0,0E0,0E0,0E0,0E0,0E0],"parents":[2147483647,0,0,1,1,2,2,3,3,5,5,6,6],"right_children":[2,4,6,8,-1,10,12,-1,-1,-1,-1,-1,-1],"split_conditions":[1.4738E2,1.9E1,1.8E1,1.2881E2,9.280077E-3,1.7923E2,1.6647E2,-2.8009702E-2,-1.3965273E-1,-7.012658E-2,4.96084E-2,1.10846795E-1,2.4262944E-2],"split_indices":[1,0,0,1,0,1,1,0,0,0,0,0,0],"split_type":[0,0,0,0,0,0,0,0,0,0,0,0,0],"sum_hessian":[1.3688986E1,5.715892E0,7.9730945E0,4.483037E0,1.2328548E0,2.4668684E0,5.506226E0,1.739785E0,2.7432523E0,1.2488137E0,1.2180545E0,4.0328784E0,1.4733477E0],"tree_param":{"num_deleted":"0","num_feature":"2","num_nodes":"13","size_leaf_vector":"1"}},{"base_weights":[-8.002647E-3,-8.0307806E-1,5.936983E-1,-1.0202922E0,8.773337E-3,-1.2991804E-1,8.9233756E-1,-2.6196903E-2,-1.3058949E-1,-6.6195436E-2,4.711516E-2,1.0438835E-1,2.286597E-2],"categories":[],"categories_nodes":[],"categories_segments":[],"categories_sizes":[],"default_left":[0,0,0,0,0,0,0,0,0,0,0,0,0],"id":3,"left_children":[1,3,5,7,-1,9,11,-1,-1,-1,-1,-1,-1],"loss_changes":[7.4296436E0,1.3831992E0,2.0279443E0,8.391905E-1,0E0,1.4176179E0,4.040103E-1,0E0,0E0,0E0,0E0,0E0,0E0],"parents":[2147483647,0,0,1,1,2,2,3,3,5,5,6,6],"right_children":[2,4,6,8,-1,10,12,-1,-1,-1,-1,-1,-1],"split_conditions":[1.4738E2,1.9E1,1.8E1,1.2881E2,8.773337E-3,1.7923E2,1.6647E2,-2.6196903E-2,-1.3058949E-1,-6.6195436E-2,4.711516E-2,1.0438835E-1,2.286597E-2],"split_indices":[1,0,0,1,0,1,1,0,0,0,0,0,0],"split_type":[0,0,0,0,0,0,0,0,0,0,0,0,0],"sum_hessian":[1.3533636E1,5.6858244E0,7.8478117E0,4.4543347E0,1.2314895E0,2.457688E0,5.3901234E0,1.7431718E0,2.711163E0,1.2499775E0,1.2077106E0,3.9217455E0,1.4683781E0],"tree_param":{"num_deleted":"0","num_feature":"2","num_nodes":"13","size_leaf_vector":"1"}},{"base_weights":[-9.8455E-3,-6.57696E-1,6.5758234E-1,-1.0614734E-1,-2.3568358E-1,1.820688E-3,9.1560173E-1,-4.254211E-2,1.5853956E-2,1.12269975E-1,2.1552173E-2],"categories":[],"categories_nodes":[],"categories_segments":[],"categories_sizes":[],"default_left":[0,0,0,0,0,0,0,0,0,0,0],"id":4,"left_children":[1,3,5,-1,7,-1,9,-1,-1,-1,-1],"loss_changes":[6.6341066E0,1.0751858E0,1.231266E0,0E0,4.480611E-1,0E0,5.3650427E-1,0E0,0E0,0E0,0E0],"parents":[2147483647,0,0,1,1,2,2,4,4,6,6],"right_children":[2,4,6,-1,8,-1,10,-1,-1,-1,-1],"split_conditions":[1.4972E2,1.8E1,1.8E1,-1.0614734E-1,1.4292E2,1.820688E-3,1.6647E2,-4.254211E-2,1.5853956E-2,1.12269975E-1,2.1552173E-2],"split_indices":[1,0,0,0,1,0,1,0,0,0,0],"split_type":[0,0,0,0,0,0,0,0,0,0,0],"sum_hessian":[1.3342532E1,6.777964E0,6.564568E0,2.6894548E0,4.088509E0,2.1952565E0,4.3693113E0,2.7066667E0,1.3818424E0,2.9059873E0,1.4633242E0],"tree_param":{"num_deleted":"0","num_feature":"2","num_nodes":"11","size_leaf_vector":"1"}},{"base_weights":[-8.447481E-3,-6.124395E-1,6.202125E-1,-9.945183E-2,-2.1751575E-1,1.6958179E-3,8.690808E-1,-3.942899E-2,1.4963738E-2,1.0714831E-1,2.0316036E-2],"categories":[],"categories_nodes":[],"categories_segments":[],"categories_sizes":[],"default_left":[0,0,0,0,0,0,0,0,0,0,0],"id":5,"left_children":[1,3,5,-1,7,-1,9,-1,-1,-1,-1],"loss_changes":[5.7657104E0,9.511652E-1,1.1032989E0,0E0,3.8900784E-1,0E0,4.902296E-1,0E0,0E0,0E0,0E0],"parents":[2147483647,0,0,1,1,2,2,4,4,6,6],"right_children":[2,4,6,-1,8,-1,10,-1,-1,-1,-1],"split_conditions":[1.4972E2,1.8E1,1.8E1,-9.945183E-2,1.4292E2,1.6958179E-3,1.6647E2,-3.942899E-2,1.4963738E-2,1.0714831E-1,2.0316036E-2],"split_indices":[1,0,0,0,1,0,1,0,0,0,0],"split_type":[0,0,0,0,0,0,0,0,0,0,0],"sum_hessian":[1.3184325E1,6.737244E0,6.4470806E0,2.652634E0,4.0846105E0,2.1948726E0,4.252208E0,2.7072382E0,1.3773721E0,2.7939723E0,1.458236E0],"tree_param":{"num_deleted":"0","num_feature":"2","num_nodes":"11","size_leaf_vector":"1"}},{"base_weights":[-7.0377234E-3,-5.713779E-1,5.8596003E-1,-9.348412E-2,-2.0080706E-1,1.5795069E-3,8.2675415E-1,-3.6565658E-2,1.4123926E-2,1.0256814E-1,1.9152546E-2],"categories":[],"categories_nodes":[],"categories_segments":[],"categories_sizes":[],"default_left":[0,0,0,0,0,0,0,0,0,0,0],"id":6,"left_children":[1,3,5,-1,7,-1,9,-1,-1,-1,-1],"loss_changes":[5.023251E0,8.473213E-1,9.92635E-1,0E0,3.380143E-1,0E0,4.5189095E-1,0E0,0E0,0E0,0E0],"parents":[2147483647,0,0,1,1,2,2,4,4,6,6],"right_children":[2,4,6,-1,8,-1,10,-1,-1,-1,-1],"split_conditions":[1.4972E2,1.8E1,1.8E1,-9.348412E-2,1.4292E2,1.5795069E-3,1.6647E2,-3.6565658E-2,1.4123926E-2,1.0256814E-1,1.9152546E-2],"split_indices":[1,0,0,0,1,0,1,0,0,0,0],"split_type":[0,0,0,0,0,0,0,0,0,0,0],"sum_hessian":[1.3009899E1,6.6847034E0,6.3251953E0,2.60599E0,4.0787134E0,2.194512E0,4.1306834E0,2.7056813E0,1.3730321E0,2.6775281E0,1.4531554E0],"tree_param":{"num_deleted":"0","num_feature":"2","num_nodes":"11","size_leaf_vector":"1"}},{"base_weights":[-5.6249346E-3,-5.339008E-1,5.543834E-1,-8.811047E-2,-1.8542142E-1,2.154328E-1,1.0457418E-1,-3.392691E-2,1.3331584E-2,7.930689E-2,-6.7520574E-2],"categories":[],"categories_nodes":[],"categories_segments":[],"categories_sizes":[],